{
    "acc": [
        0.3451428711414337,
        0.5885714292526245,
        0.7559999823570251,
        0.8165714144706726,
        0.8571428656578064,
        0.8851428627967834,
        0.8942857384681702,
        0.9257143139839172,
        0.9308571219444275,
        0.9411428570747375,
        0.9474285840988159,
        0.9480000138282776,
        0.9548571705818176,
        0.9611428380012512,
        0.973714292049408,
        0.973714292049408,
        0.9748571515083313,
        0.9708571434020996,
        0.973714292049408,
        0.978857159614563,
        0.9800000190734863,
        0.984000027179718,
        0.9857142567634583,
        0.9908571243286133,
        0.9879999756813049,
        0.9902856945991516,
        0.9908571243286133,
        0.9902856945991516,
        0.9817143082618713,
        0.9874285459518433,
        0.982285737991333,
        0.9902856945991516,
        0.9879999756813049,
        0.991428554058075,
        0.9862856864929199,
        0.9897142648696899,
        0.9908571243286133,
        0.9908571243286133,
        0.9919999837875366,
        0.991428554058075,
        0.9937142729759216,
        0.9937142729759216,
        0.9937142729759216,
        0.9919999837875366,
        0.9954285621643066,
        0.994857132434845,
        0.9942857027053833,
        0.9977142810821533,
        0.9971428513526917,
        0.9994285702705383,
        0.99657142162323,
        0.9988571405410767,
        0.994857132434845,
        0.9942857027053833,
        0.99657142162323,
        0.9977142810821533,
        0.9959999918937683,
        0.9977142810821533,
        0.9954285621643066,
        0.998285710811615,
        0.9971428513526917,
        0.9971428513526917,
        0.99657142162323,
        0.9954285621643066,
        0.9959999918937683,
        0.9971428513526917,
        0.9959999918937683,
        0.998285710811615,
        0.9971428513526917,
        0.998285710811615,
        0.998285710811615,
        0.9954285621643066,
        0.9977142810821533,
        0.998285710811615,
        0.9988571405410767,
        0.9988571405410767
    ],
    "val_acc": [
        0.18907563388347626,
        0.1428571492433548,
        0.0714285746216774,
        0.04621848836541176,
        0.054621849209070206,
        0.11764705926179886,
        0.07563025504350662,
        0.054621849209070206,
        0.042016807943582535,
        0.10084033757448196,
        0.07563025504350662,
        0.12184873968362808,
        0.1974789947271347,
        0.1596638709306717,
        0.2521008551120758,
        0.2310924381017685,
        0.2142857164144516,
        0.25630253553390503,
        0.2478991597890854,
        0.33193278312683105,
        0.36554622650146484,
        0.3403361439704895,
        0.3781512677669525,
        0.5210084319114685,
        0.7268907427787781,
        0.7016806602478027,
        0.8277310729026794,
        0.819327712059021,
        0.8151260614395142,
        0.9285714030265808,
        0.9579831957817078,
        0.9789915680885315,
        0.9579831957817078,
        0.970588207244873,
        0.9789915680885315,
        1.0,
        0.9831932783126831,
        1.0,
        0.970588207244873,
        0.9831932783126831,
        0.9873949289321899,
        0.9873949289321899,
        0.9873949289321899,
        0.9957982897758484,
        0.9957982897758484,
        1.0,
        0.9957982897758484,
        0.9957982897758484,
        1.0,
        0.9915966391563416,
        0.9915966391563416,
        0.9957982897758484,
        0.9957982897758484,
        0.9957982897758484,
        0.9915966391563416,
        0.9873949289321899,
        0.9957982897758484,
        0.9915966391563416,
        0.9915966391563416,
        0.9957982897758484,
        0.9915966391563416,
        0.9915966391563416,
        0.9957982897758484,
        0.9957982897758484,
        0.9957982897758484,
        0.9915966391563416,
        0.9915966391563416,
        0.9915966391563416,
        0.9915966391563416,
        0.9915966391563416,
        0.9915966391563416,
        0.9957982897758484,
        0.9957982897758484,
        0.9957982897758484,
        0.9957982897758484,
        0.9915966391563416
    ],
    "loss": [
        2.273102045059204,
        1.3058384656906128,
        0.8649746775627136,
        0.6529691815376282,
        0.5312427282333374,
        0.42725545167922974,
        0.3549176752567291,
        0.2971130609512329,
        0.24857240915298462,
        0.22497446835041046,
        0.19255515933036804,
        0.18750092387199402,
        0.17199276387691498,
        0.1495516151189804,
        0.12791526317596436,
        0.11003908514976501,
        0.11258383840322495,
        0.10862430930137634,
        0.09821240603923798,
        0.09940703213214874,
        0.0835070088505745,
        0.07159627228975296,
        0.06647569686174393,
        0.053736940026283264,
        0.05174318328499794,
        0.05177934095263481,
        0.04991185665130615,
        0.04889325052499771,
        0.0693177729845047,
        0.053120486438274384,
        0.06354094296693802,
        0.047525517642498016,
        0.05039753019809723,
        0.043524280190467834,
        0.05451437085866928,
        0.04158533737063408,
        0.045665159821510315,
        0.03752666339278221,
        0.037337642163038254,
        0.034564558416604996,
        0.03324184566736221,
        0.035426829010248184,
        0.030584856867790222,
        0.03446836397051811,
        0.026084043085575104,
        0.023874886333942413,
        0.02350173518061638,
        0.023664722219109535,
        0.022614512592554092,
        0.021500704810023308,
        0.02226247265934944,
        0.020132407546043396,
        0.02081870287656784,
        0.02177727036178112,
        0.018811527639627457,
        0.01681247353553772,
        0.020606426522135735,
        0.017194494605064392,
        0.022551923990249634,
        0.013869650661945343,
        0.01588326506316662,
        0.013523855246603489,
        0.019040822982788086,
        0.021208573132753372,
        0.01942342333495617,
        0.017314167693257332,
        0.018163757398724556,
        0.012807903811335564,
        0.014344785362482071,
        0.010189102031290531,
        0.011377534829080105,
        0.019005822017788887,
        0.012744348496198654,
        0.012726039625704288,
        0.012295606546103954,
        0.011371124535799026
    ],