{
    "acc": [
        0.22857142984867096,
        0.42914286255836487,
        0.5519999861717224,
        0.628000020980835,
        0.7091428637504578,
        0.7354285717010498,
        0.7828571200370789,
        0.8165714144706726,
        0.8342857360839844,
        0.8468571305274963,
        0.8714285492897034,
        0.8714285492897034,
        0.8805714249610901,
        0.9108571410179138,
        0.9148571491241455,
        0.9102857112884521,
        0.9245714545249939,
        0.9234285950660706,
        0.9291428327560425,
        0.9359999895095825,
        0.9440000057220459,
        0.9388571381568909,
        0.9502857327461243,
        0.9399999976158142,
        0.9565714001655579,
        0.9434285759925842,
        0.9651428461074829,
        0.9760000109672546,
        0.9742857217788696,
        0.9794285893440247,
        0.9811428785324097,
        0.9794285893440247,
        0.9811428785324097,
        0.975428581237793,
        0.978857159614563,
        0.9794285893440247,
        0.9851428866386414,
        0.9845714569091797,
        0.9851428866386414,
        0.9800000190734863,
        0.9862856864929199,
        0.982285737991333,
        0.9874285459518433,
        0.9862856864929199,
        0.9862856864929199,
        0.9891428351402283,
        0.9925714135169983,
        0.9891428351402283,
        0.9919999837875366,
        0.9885714054107666,
        0.9919999837875366,
        0.9908571243286133,
        0.9942857027053833,
        0.9954285621643066,
        0.9937142729759216,
        0.9897142648696899,
        0.9897142648696899,
        0.994857132434845,
        0.994857132434845,
        0.9959999918937683,
        0.9954285621643066,
        0.9959999918937683,
        0.9897142648696899,
        0.9937142729759216,
        0.991428554058075,
        0.9902856945991516
    ],
    "val_acc": [
        0.05042016878724098,
        0.03361344709992409,
        0.0714285746216774,
        0.0882352963089943,
        0.0714285746216774,
        0.15126051008701324,
        0.2310924381017685,
        0.2521008551120758,
        0.32773110270500183,
        0.424369752407074,
        0.5042017102241516,
        0.6764705777168274,
        0.8067227005958557,
        0.8991596698760986,
        0.9159663915634155,
        0.9621848464012146,
        0.9201680421829224,
        0.848739504814148,
        0.8109243512153625,
        0.9579831957817078,
        0.9495798349380493,
        0.9411764740943909,
        0.8781512379646301,
        0.6344537734985352,
        0.9285714030265808,
        0.9117646813392639,
        0.9831932783126831,
        0.9453781247138977,
        0.9789915680885315,
        0.9285714030265808,
        0.9915966391563416,
        0.9537814855575562,
        0.9831932783126831,
        0.9621848464012146,
        0.9831932783126831,
        0.9957982897758484,
        0.9873949289321899,
        0.9747899174690247,
        0.9915966391563416,
        0.9957982897758484,
        0.970588207244873,
        0.9117646813392639,
        0.9957982897758484,
        0.9957982897758484,
        0.9957982897758484,
        0.9957982897758484,
        0.9957982897758484,
        0.9915966391563416,
        0.9873949289321899,
        0.9957982897758484,
        0.9957982897758484,
        0.9957982897758484,
        0.9957982897758484,
        0.9957982897758484,
        0.9957982897758484,
        0.9957982897758484,
        0.9957982897758484,
        0.9957982897758484,
        0.9957982897758484,
        0.9957982897758484,
        0.9957982897758484,
        0.9957982897758484,
        0.9957982897758484,
        0.9957982897758484,
        0.9957982897758484,
        0.9957982897758484
    ],
    "loss": [
        2.6362693309783936,
        1.902632236480713,
        1.5079691410064697,
        1.2265944480895996,
        0.9866520166397095,
        0.8589880466461182,
        0.7141795754432678,
        0.6447278261184692,
        0.5667816400527954,
        0.5119301676750183,
        0.43410974740982056,
        0.4145681858062744,
        0.4104568660259247,
        0.32474514842033386,
        0.3288593888282776,
        0.31527143716812134,
        0.2694990932941437,
        0.2661418318748474,
        0.24863901734352112,
        0.2209944874048233,
        0.20800255239009857,
        0.2115202695131302,
        0.17425628006458282,
        0.20783589780330658,
        0.1465892195701599,
        0.18016648292541504,
        0.12178326398134232,
        0.09259887039661407,
        0.09790346026420593,
        0.07984746247529984,
        0.07460036873817444,
        0.08777475357055664,
        0.06275411695241928,
        0.08810950070619583,
        0.0785537138581276,
        0.07882054150104523,
        0.05627869814634323,
        0.06766553223133087,
        0.06497889757156372,
        0.07385500520467758,
        0.05433586239814758,
        0.06505783647298813,
        0.04516260698437691,
        0.04930037632584572,
        0.047991782426834106,
        0.040678754448890686,
        0.040298234671354294,
        0.041780028492212296,
        0.030685940757393837,
        0.036395419389009476,
        0.03391002491116524,
        0.03544168919324875,
        0.025492830201983452,
        0.02696855738759041,
        0.026494015008211136,
        0.03140305355191231,
        0.030336789786815643,
        0.023107288405299187,
        0.030375396832823753,
        0.02330309897661209,
        0.023420998826622963,
        0.025500956922769547,
        0.032419368624687195,
        0.027129346504807472,
        0.028671108186244965,
        0.03027067705988884
    ],
    "val_loss": [
        3.232804536819458,
        3.3887858390808105,
        3.3098130226135254,
        3.418273448944092,
        3.3755722045898438,
        3.345008134841919,
        3.1347694396972656,
        2.396944046020508,
        2.5761585235595703,
        1.9900866746902466,
        1.602480173110962,
        1.0212301015853882,
        0.6002967357635498,
        0.32988449931144714,
        0.23217511177062988,
        0.1605294793844223,
        0.26681333780288696,
        0.49056684970855713,
        0.6154264211654663,
        0.13377152383327484,
        0.16591694951057434,
        0.15350940823554993,
        0.3587058484554291,
        2.093312978744507,
        0.16871972382068634,
        0.23881465196609497,
        0.07687460631132126,
        0.12361175566911697,
        0.0703004002571106,
        0.20649929344654083,
        0.050706226378679276,
        0.12941880524158478,
        0.05161290615797043,
        0.12421701103448868,
        0.050791945308446884,
        0.024610644206404686,
        0.05173204839229584,
        0.08700127899646759,
        0.04360818490386009,
        0.039713744074106216,
        0.10333191603422165,
        0.38481709361076355,
        0.03925193101167679,
        0.04618711397051811,
        0.03917451202869415,
        0.026671169325709343,
        0.04510147124528885,
        0.03991758078336716,
        0.02963235415518284,
        0.027616120874881744,
        0.024942301213741302,
        0.02704884298145771,
        0.03239089995622635,
        0.04106448218226433,
        0.03622348606586456,
        0.03580331802368164,
        0.03206942602992058,
        0.034924425184726715,
        0.037655308842659,
        0.02953733317553997,
        0.030268829315900803,
        0.0328720360994339,
        0.03285888582468033,
        0.02719799429178238,
        0.032099246978759766,
        0.029602034017443657
    ]
}