{
    "acc": [
        0.4417142868041992,
        0.7697142958641052,
        0.8634285926818848,
        0.9291428327560425,
        0.9485714435577393,
        0.9605714082717896,
        0.9634285569190979,
        0.978857159614563,
        0.9874285459518433,
        0.9908571243286133,
        0.994857132434845,
        0.99657142162323,
        0.9925714135169983,
        0.998285710811615,
        0.998285710811615,
        0.994857132434845,
        0.994857132434845,
        0.998285710811615,
        0.9994285702705383,
        0.9977142810821533,
        1.0,
        0.99657142162323,
        0.9988571405410767,
        0.9977142810821533,
        0.9988571405410767,
        0.998285710811615,
        1.0,
        0.9988571405410767,
        0.9994285702705383,
        0.9988571405410767,
        1.0,
        0.998285710811615,
        0.9988571405410767,
        0.9994285702705383,
        0.998285710811615,
        0.998285710811615,
        0.9977142810821533,
        0.9971428513526917,
        0.998285710811615,
        1.0,
        0.9971428513526917,
        0.9994285702705383,
        0.9994285702705383,
        0.9994285702705383,
        0.998285710811615,
        0.9988571405410767,
        1.0,
        0.9994285702705383,
        0.998285710811615,
        0.9988571405410767,
        0.9994285702705383,
        0.998285710811615,
        0.998285710811615,
        0.998285710811615,
        0.9988571405410767,
        0.9994285702705383,
        0.9994285702705383,
        0.9994285702705383,
        0.9988571405410767,
        0.9988571405410767,
        0.9988571405410767,
        0.9988571405410767,
        0.9994285702705383,
        1.0,
        0.9994285702705383,
        1.0,
        1.0,
        0.9994285702705383,
        0.9994285702705383,
        0.9994285702705383,
        1.0,
        1.0,
        0.9988571405410767,
        0.9988571405410767,
        1.0,
        1.0,
        0.9994285702705383,
        0.9988571405410767,
        0.9994285702705383,
        0.9994285702705383,
        1.0,
        1.0,
        0.9994285702705383,
        1.0,
        1.0,
        0.9988571405410767,
        1.0,
        1.0,
        1.0,
        1.0,
        1.0,
        1.0,
        0.9994285702705383,
        1.0,
        1.0,
        1.0,
        0.9988571405410767,
        0.9994285702705383,
        1.0,
        1.0,
        0.9994285702705383,
        1.0
    ],
    "val_acc": [
        0.08403361588716507,
        0.07563025504350662,
        0.03781512752175331,
        0.02521008439362049,
        0.03781512752175331,
        0.021008403971791267,
        0.021008403971791267,
        0.06722689419984818,
        0.10084033757448196,
        0.10084033757448196,
        0.10084033757448196,
        0.10504201799631119,
        0.10924369841814041,
        0.10924369841814041,
        0.10924369841814041,
        0.10924369841814041,
        0.10504201799631119,
        0.1260504275560379,
        0.12184873968362808,
        0.1428571492433548,
        0.20168067514896393,
        0.2857142984867096,
        0.3235294222831726,
        0.4159663915634155,
        0.40336135029792786,
        0.4285714328289032,
        0.5798319578170776,
        0.6470588445663452,
        0.6302521228790283,
        0.7142857313156128,
        0.8151260614395142,
        0.8277310729026794,
        0.8445377945899963,
        0.9411764740943909,
        0.970588207244873,
        0.9411764740943909,
        0.9411764740943909,
        0.9411764740943909,
        0.9663865566253662,
        0.9495798349380493,
        0.9789915680885315,
        0.9873949289321899,
        0.9789915680885315,
        0.9789915680885315,
        0.9831932783126831,
        0.9957982897758484,
        0.9663865566253662,
        0.9789915680885315,
        0.9915966391563416,
        0.9873949289321899,
        0.9915966391563416,
        0.9873949289321899,
        0.9831932783126831,
        0.9873949289321899,
        0.9831932783126831,
        0.9873949289321899,
        0.9789915680885315,
        0.970588207244873,
        0.9957982897758484,
        0.9873949289321899,
        0.9873949289321899,
        0.9831932783126831,
        0.9873949289321899,
        0.9915966391563416,
        0.9957982897758484,
        0.9915966391563416,
        0.9915966391563416,
        0.9957982897758484,
        0.9873949289321899,
        0.9957982897758484,
        0.9915966391563416,
        0.9957982897758484,
        0.9873949289321899,
        0.9831932783126831,
        0.9831932783126831,
        0.9873949289321899,
        0.9873949289321899,
        0.9957982897758484,
        0.9915966391563416,
        0.9915966391563416,
        0.9873949289321899,
        0.9873949289321899,
        0.9873949289321899,
        0.9873949289321899,
        0.9873949289321899,
        0.9915966391563416,
        0.9915966391563416,
        0.9915966391563416,
        0.9957982897758484,
        0.9957982897758484,
        0.9957982897758484,
        0.9915966391563416,
        0.9915966391563416,
        0.9915966391563416,
        0.9915966391563416,
        0.9915966391563416,
        0.9915966391563416,
        0.9873949289321899,
        0.9873949289321899,
        0.9873949289321899,
        0.9915966391563416,
        0.9873949289321899
    ],