{
    "acc": [
        0.3651428520679474,
        0.6240000128746033,
        0.7605714201927185,
        0.8308571577072144,
        0.8748571276664734,
        0.8925714492797852,
        0.9205714464187622,
        0.9331428408622742,
        0.9434285759925842,
        0.9457142949104309,
        0.9582856893539429,
        0.9605714082717896,
        0.9714285731315613,
        0.9714285731315613,
        0.973714292049408,
        0.9748571515083313,
        0.9794285893440247,
        0.9834285974502563,
        0.9885714054107666,
        0.9845714569091797,
        0.9834285974502563,
        0.9834285974502563,
        0.9891428351402283,
        0.9908571243286133,
        0.99314284324646,
        0.9862856864929199,
        0.9891428351402283,
        0.9902856945991516,
        0.9937142729759216,
        0.991428554058075,
        0.9959999918937683,
        0.9942857027053833,
        0.99657142162323,
        0.9959999918937683,
        0.998285710811615,
        0.9925714135169983,
        0.9925714135169983,
        0.9971428513526917,
        0.9937142729759216,
        0.9954285621643066,
        0.99314284324646,
        0.9971428513526917,
        0.9971428513526917,
        0.9942857027053833,
        0.9954285621643066,
        0.99657142162323,
        0.9977142810821533,
        0.99314284324646,
        0.9937142729759216,
        0.9971428513526917,
        0.9959999918937683,
        0.9988571405410767,
        0.9977142810821533,
        0.9988571405410767,
        0.998285710811615,
        0.9959999918937683,
        0.9988571405410767,
        0.99657142162323,
        0.9988571405410767,
        0.9994285702705383,
        0.9988571405410767,
        0.9977142810821533,
        0.998285710811615,
        0.9971428513526917,
        0.9994285702705383,
        0.9977142810821533,
        0.998285710811615,
        0.998285710811615,
        0.998285710811615,
        0.998285710811615,
        0.9994285702705383,
        0.998285710811615,
        0.998285710811615,
        0.9994285702705383
    ],
    "val_acc": [
        0.13025210797786713,
        0.16386555135250092,
        0.0882352963089943,
        0.054621849209070206,
        0.05882352963089943,
        0.042016807943582535,
        0.10084033757448196,
        0.0714285746216774,
        0.10504201799631119,
        0.10504201799631119,
        0.1596638709306717,
        0.11764705926179886,
        0.1596638709306717,
        0.14705882966518402,
        0.2310924381017685,
        0.14705882966518402,
        0.16806723177433014,
        0.2478991597890854,
        0.27731093764305115,
        0.2899159789085388,
        0.3361344635486603,
        0.3781512677669525,
        0.6008403301239014,
        0.5588235259056091,
        0.6428571343421936,
        0.668067216873169,
        0.7941176295280457,
        0.7773109078407288,
        0.9453781247138977,
        0.9117646813392639,
        0.9453781247138977,
        0.9663865566253662,
        0.9411764740943909,
        0.9915966391563416,
        0.9957982897758484,
        0.970588207244873,
        0.9789915680885315,
        0.9915966391563416,
        0.970588207244873,
        0.9831932783126831,
        0.9915966391563416,
        0.9831932783126831,
        0.9789915680885315,
        1.0,
        0.9915966391563416,
        0.9915966391563416,
        0.9915966391563416,
        0.9831932783126831,
        0.9831932783126831,
        0.9873949289321899,
        1.0,
        0.9957982897758484,
        0.9873949289321899,
        0.9915966391563416,
        0.9915966391563416,
        0.9915966391563416,
        0.9957982897758484,
        0.9873949289321899,
        0.9915966391563416,
        0.9873949289321899,
        0.9873949289321899,
        0.9915966391563416,
        0.9957982897758484,
        0.9957982897758484,
        0.9873949289321899,
        0.9873949289321899,
        0.9873949289321899,
        0.9873949289321899,
        0.9873949289321899,
        0.9915966391563416,
        0.9873949289321899,
        0.9957982897758484,
        0.9957982897758484,
        0.9915966391563416
    ],
    "loss": [
        2.230558395385742,
        1.2366149425506592,
        0.8055051565170288,
        0.5975599884986877,
        0.43350493907928467,
        0.37518712878227234,
        0.29389888048171997,
        0.2519448697566986,
        0.21894356608390808,
        0.18424059450626373,
        0.16880233585834503,
        0.15258771181106567,
        0.1266162246465683,
        0.12276361137628555,
        0.10299268364906311,
        0.09690862149000168,
        0.09070730209350586,
        0.07823056727647781,
        0.06252431869506836,
        0.06240734085440636,
        0.06737836450338364,
        0.0594390444457531,
        0.060309696942567825,
        0.046418532729148865,
        0.04288053512573242,
        0.05556181073188782,
        0.046625327318906784,
        0.04545518755912781,
        0.037770576775074005,
        0.037143170833587646,
        0.03180006146430969,
        0.03357556089758873,
        0.029229173436760902,
        0.029472313821315765,
        0.02501256950199604,
        0.03387300670146942,
        0.03257877007126808,
        0.030166905373334885,
        0.029408853501081467,
        0.031063666567206383,
        0.029627280309796333,
        0.02231048233807087,
        0.02057778649032116,
        0.021199310198426247,
        0.02399972453713417,
        0.017793478444218636,
        0.01819497160613537,
        0.02236008830368519,
        0.023863621056079865,
        0.01579272747039795,
        0.01966105028986931,
        0.012707159854471684,
        0.01634240709245205,
        0.015110150910913944,
        0.015392209403216839,
        0.0172999519854784,
        0.011331833899021149,
        0.017106514424085617,
        0.011449076235294342,
        0.013498268090188503,
        0.013194847851991653,
        0.011386062949895859,
        0.01206324901431799,
        0.011956963688135147,
        0.010323058813810349,
        0.011980941519141197,
        0.011183054186403751,
        0.013356037437915802,
        0.011366602964699268,
        0.012875538319349289,
        0.008354751393198967,
        0.009668325074017048,
        0.009345629252493382,
        0.009661656804382801
    ],