{
    "acc": [
        0.24228571355342865,
        0.49714285135269165,
        0.6228571534156799,
        0.7062857151031494,
        0.7548571228981018,
        0.8108571171760559,
        0.8554285764694214,
        0.868571400642395,
        0.8771428465843201,
        0.9165714383125305,
        0.9045714139938354,
        0.9142857193946838,
        0.9091428518295288,
        0.9262857437133789,
        0.9377142786979675,
        0.9331428408622742,
        0.9440000057220459,
        0.9445714354515076,
        0.9531428813934326,
        0.9611428380012512,
        0.9559999704360962,
        0.9725714325904846,
        0.9782857298851013,
        0.9777143001556396,
        0.9760000109672546,
        0.973714292049408,
        0.9794285893440247,
        0.9811428785324097,
        0.980571448802948,
        0.9794285893440247,
        0.9897142648696899,
        0.9874285459518433,
        0.99314284324646,
        0.9897142648696899,
        0.9891428351402283,
        0.9897142648696899,
        0.991428554058075,
        0.9868571162223816,
        0.9897142648696899,
        0.9891428351402283,
        0.9874285459518433,
        0.9885714054107666,
        0.9897142648696899,
        0.9925714135169983,
        0.9937142729759216,
        0.9919999837875366,
        0.9954285621643066,
        0.9908571243286133,
        0.9942857027053833,
        0.99314284324646,
        0.99314284324646,
        0.9925714135169983,
        0.9954285621643066,
        0.99314284324646,
        0.9897142648696899,
        0.99314284324646,
        0.99314284324646,
        0.994857132434845,
        0.9908571243286133,
        0.9988571405410767,
        0.99657142162323,
        0.9954285621643066,
        0.9942857027053833
    ],
    "val_acc": [
        0.042016807943582535,
        0.10924369841814041,
        0.10084033757448196,
        0.07983193546533585,
        0.1428571492433548,
        0.12184873968362808,
        0.1764705926179886,
        0.19327731430530548,
        0.6218487620353699,
        0.6302521228790283,
        0.7689075469970703,
        0.756302535533905,
        0.9201680421829224,
        0.9663865566253662,
        0.756302535533905,
        0.8109243512153625,
        0.9411764740943909,
        0.9033613204956055,
        0.9117646813392639,
        0.8865545988082886,
        0.9789915680885315,
        0.9621848464012146,
        0.9915966391563416,
        0.9873949289321899,
        0.9915966391563416,
        0.9747899174690247,
        0.9873949289321899,
        0.9831932783126831,
        0.9621848464012146,
        0.9915966391563416,
        0.9915966391563416,
        0.9915966391563416,
        0.9957982897758484,
        0.9873949289321899,
        0.9789915680885315,
        0.9873949289321899,
        0.9789915680885315,
        0.9873949289321899,
        0.9915966391563416,
        0.9831932783126831,
        0.9873949289321899,
        0.9873949289321899,
        0.9957982897758484,
        0.9957982897758484,
        0.9957982897758484,
        0.9915966391563416,
        0.9915966391563416,
        0.9957982897758484,
        0.9915966391563416,
        0.9957982897758484,
        0.9957982897758484,
        0.9915966391563416,
        0.9915966391563416,
        0.9957982897758484,
        0.9957982897758484,
        0.9957982897758484,
        0.9957982897758484,
        0.9957982897758484,
        0.9957982897758484,
        0.9957982897758484,
        0.9915966391563416,
        0.9915966391563416,
        0.9915966391563416
    ],
    "loss": [
        2.5669913291931152,
        1.6303218603134155,
        1.2048192024230957,
        0.9390220642089844,
        0.7700490951538086,
        0.6001447439193726,
        0.4892408549785614,
        0.4261941909790039,
        0.40664300322532654,
        0.3025960922241211,
        0.3041265904903412,
        0.2875520586967468,
        0.28838858008384705,
        0.25213712453842163,
        0.199712872505188,
        0.22299811244010925,
        0.17834064364433289,
        0.1948583573102951,
        0.15575607120990753,
        0.1352611780166626,
        0.13914954662322998,
        0.10077057033777237,
        0.08278321474790573,
        0.07687044143676758,
        0.08927056193351746,
        0.09520404785871506,
        0.07897616177797318,
        0.07011466473340988,
        0.07233565300703049,
        0.0651208683848381,
        0.05618595331907272,
        0.040799058973789215,
        0.034305453300476074,
        0.044845812022686005,
        0.043703593313694,
        0.041183896362781525,
        0.04949892312288284,
        0.054426100105047226,
        0.04166530445218086,
        0.04346662387251854,
        0.04883148893713951,
        0.039818134158849716,
        0.034738633781671524,
        0.02890157513320446,
        0.02941027842462063,
        0.03216418996453285,
        0.025569407269358635,
        0.03577115014195442,
        0.02792828157544136,
        0.02883768267929554,
        0.032001372426748276,
        0.02988792397081852,
        0.027120349928736687,
        0.0277545265853405,
        0.034815628081560135,
        0.026537509635090828,
        0.029336625710129738,
        0.027086323127150536,
        0.028730228543281555,
        0.023482345044612885,
        0.020575297996401787,
        0.024888958781957626,
        0.026070035994052887
    ],
    "val_loss": [
        3.235790491104126,
        3.3078131675720215,
        3.4376816749572754,
        3.7451438903808594,
        3.741472005844116,
        3.750504732131958,
        2.948554515838623,
        3.209136486053467,
        1.313027262687683,
        1.5733909606933594,
        0.7379651069641113,
        0.7674247622489929,
        0.23121976852416992,
        0.13677167892456055,
        0.7911129593849182,
        0.8003621101379395,
        0.1769959032535553,
        0.24213220179080963,
        0.21649308502674103,
        0.3094732463359833,
        0.0816330686211586,
        0.14981140196323395,
        0.029886454343795776,
        0.06371162831783295,
        0.04688611254096031,
        0.09033363312482834,
        0.06295961141586304,
        0.06389810889959335,
        0.11477538198232651,
        0.045988231897354126,
        0.03592654690146446,
        0.0456945039331913,
        0.02856937237083912,
        0.054731521755456924,
        0.077330082654953,
        0.032380543649196625,
        0.07902539521455765,
        0.07479779422283173,
        0.05131085589528084,
        0.0669696256518364,
        0.05299430713057518,
        0.04843407869338989,
        0.0377725325524807,
        0.037466902285814285,
        0.0466483011841774,
        0.044124785810709,
        0.041528813540935516,
        0.03999137505888939,
        0.04401453584432602,
        0.042023178189992905,
        0.04328795149922371,
        0.043558213859796524,
        0.04473509639501572,
        0.04126916453242302,
        0.04343881458044052,
        0.04189929738640785,
        0.04084346815943718,
        0.04139131307601929,
        0.0424184687435627,
        0.04533635824918747,
        0.0471455417573452,
        0.046221379190683365,
        0.04653055593371391
    ]
}