{
    "acc": [
        0.173714280128479,
        0.39142856001853943,
        0.5634285807609558,
        0.656000018119812,
        0.6954285502433777,
        0.7599999904632568,
        0.7965714335441589,
        0.8137142658233643,
        0.8251428604125977,
        0.8560000061988831,
        0.8805714249610901,
        0.8897143006324768,
        0.8828571438789368,
        0.8891428709030151,
        0.9177142977714539,
        0.9148571491241455,
        0.9148571491241455,
        0.9342857003211975,
        0.9417142868041992,
        0.9428571462631226,
        0.9359999895095825,
        0.9462857246398926,
        0.9634285569190979,
        0.9685714244842529,
        0.9765714406967163,
        0.9668571352958679,
        0.9742857217788696,
        0.9817143082618713,
        0.982285737991333,
        0.9760000109672546,
        0.977142870426178,
        0.9811428785324097,
        0.9828571677207947,
        0.9874285459518433,
        0.9794285893440247,
        0.9811428785324097,
        0.984000027179718,
        0.9817143082618713,
        0.9834285974502563,
        0.9800000190734863,
        0.9879999756813049,
        0.9908571243286133,
        0.9902856945991516,
        0.9937142729759216,
        0.9919999837875366,
        0.9879999756813049,
        0.9879999756813049,
        0.9885714054107666,
        0.9891428351402283,
        0.991428554058075,
        0.9874285459518433,
        0.9874285459518433,
        0.9891428351402283,
        0.9874285459518433,
        0.9868571162223816,
        0.9902856945991516,
        0.991428554058075,
        0.9908571243286133,
        0.9942857027053833,
        0.9925714135169983,
        0.9891428351402283,
        0.994857132434845,
        0.9908571243286133,
        0.9954285621643066,
        0.9908571243286133,
        0.9891428351402283,
        0.9902856945991516,
        0.9879999756813049,
        0.9959999918937683,
        0.9891428351402283,
        0.9897142648696899,
        0.9937142729759216,
        0.9885714054107666,
        0.9942857027053833,
        0.9891428351402283,
        0.9925714135169983,
        0.994857132434845,
        0.9897142648696899,
        0.9925714135169983,
        0.9937142729759216
    ],
    "val_acc": [
        0.1764705926179886,
        0.1428571492433548,
        0.15126051008701324,
        0.05042016878724098,
        0.19327731430530548,
        0.43697479367256165,
        0.7142857313156128,
        0.651260495185852,
        0.6008403301239014,
        0.7899159789085388,
        0.5,
        0.6302521228790283,
        0.5378151535987854,
        0.7689075469970703,
        0.9453781247138977,
        0.8991596698760986,
        0.9453781247138977,
        0.8655462265014648,
        0.9285714030265808,
        0.8361344337463379,
        0.8445377945899963,
        0.9453781247138977,
        0.9621848464012146,
        0.9663865566253662,
        0.9873949289321899,
        0.9747899174690247,
        0.9915966391563416,
        0.9663865566253662,
        0.9831932783126831,
        0.9411764740943909,
        0.9915966391563416,
        0.9873949289321899,
        0.9915966391563416,
        0.9957982897758484,
        0.9957982897758484,
        0.9957982897758484,
        0.9831932783126831,
        0.9915966391563416,
        0.9873949289321899,
        0.9873949289321899,
        0.9831932783126831,
        0.9957982897758484,
        0.9915966391563416,
        0.9957982897758484,
        0.9957982897758484,
        0.9957982897758484,
        0.9957982897758484,
        0.9957982897758484,
        0.9957982897758484,
        0.9957982897758484,
        0.9957982897758484,
        0.9957982897758484,
        0.9957982897758484,
        0.9957982897758484,
        0.9957982897758484,
        0.9957982897758484,
        0.9957982897758484,
        0.9957982897758484,
        0.9957982897758484,
        0.9957982897758484,
        0.9957982897758484,
        0.9957982897758484,
        0.9957982897758484,
        0.9957982897758484,
        0.9957982897758484,
        0.9957982897758484,
        0.9957982897758484,
        0.9957982897758484,
        0.9957982897758484,
        0.9957982897758484,
        0.9957982897758484,
        0.9957982897758484,
        0.9957982897758484,
        0.9957982897758484,
        0.9957982897758484,
        0.9957982897758484,
        0.9957982897758484,
        0.9957982897758484,
        0.9957982897758484,
        0.9957982897758484
    ],
    "loss": [
        2.7665257453918457,
        1.979141354560852,
        1.389268159866333,
        1.0663974285125732,
        0.9466531872749329,
        0.7468990087509155,
        0.6554851531982422,
        0.589599609375,
        0.5172923803329468,
        0.43379732966423035,
        0.3676163852214813,
        0.3585641086101532,
        0.34797173738479614,
        0.3585156202316284,
        0.2790689468383789,
        0.2659282088279724,
        0.2699449062347412,
        0.22636672854423523,
        0.20877891778945923,
        0.19165031611919403,
        0.2148696631193161,
        0.18538740277290344,
        0.13089551031589508,
        0.1171375960111618,
        0.09054134041070938,
        0.10900574922561646,
        0.09985536336898804,
        0.07520131766796112,
        0.07597221434116364,
        0.08236503601074219,
        0.0769568532705307,
        0.07541916519403458,
        0.0590476393699646,
        0.05181889608502388,
        0.0656585544347763,
        0.05791042745113373,
        0.06041816994547844,
        0.06734494864940643,
        0.06336640566587448,
        0.06178563833236694,
        0.046676550060510635,
        0.04746052250266075,
        0.045566998422145844,
        0.041123468428850174,
        0.03968999534845352,
        0.0423583909869194,
        0.03944854810833931,
        0.04558165743947029,
        0.04760200157761574,
        0.040797159075737,
        0.0399874784052372,
        0.04179224371910095,
        0.04192914813756943,
        0.046386364847421646,
        0.04532730579376221,
        0.036345165222883224,
        0.03471707925200462,
        0.035175882279872894,
        0.031166117638349533,
        0.035607125610113144,
        0.0378265380859375,
        0.03229895979166031,
        0.038181912153959274,
        0.02864956296980381,
        0.036070797592401505,
        0.040582697838544846,
        0.030569130554795265,
        0.037077225744724274,
        0.030905695632100105,
        0.04188401252031326,
        0.03670584410429001,
        0.0340762659907341,
        0.04037250205874443,
        0.02811502479016781,
        0.039677251130342484,
        0.03297469764947891,
        0.03298938274383545,
        0.036549925804138184,
        0.04185076802968979,
        0.03445431590080261
    ],