{
    "acc": [
        0.21485714614391327,
        0.41028571128845215,
        0.5611428618431091,
        0.649142861366272,
        0.7205714583396912,
        0.7565714120864868,
        0.808571457862854,
        0.8628571629524231,
        0.8840000033378601,
        0.8942857384681702,
        0.9011428356170654,
        0.9148571491241455,
        0.9182857275009155,
        0.9240000247955322,
        0.9354285597801208,
        0.9291428327560425,
        0.9422857165336609,
        0.9451428651809692,
        0.9319999814033508,
        0.9491428732872009,
        0.9548571705818176,
        0.954285740852356,
        0.9577142596244812,
        0.9548571705818176,
        0.9651428461074829,
        0.9577142596244812,
        0.9674285650253296,
        0.972000002861023,
        0.972000002861023,
        0.977142870426178,
        0.9794285893440247,
        0.9748571515083313,
        0.9748571515083313,
        0.9811428785324097,
        0.9811428785324097,
        0.978857159614563,
        0.9800000190734863,
        0.9828571677207947,
        0.9879999756813049,
        0.9845714569091797,
        0.9897142648696899,
        0.9811428785324097,
        0.9834285974502563,
        0.9851428866386414,
        0.9874285459518433,
        0.9879999756813049,
        0.980571448802948,
        0.9857142567634583,
        0.9862856864929199,
        0.9908571243286133,
        0.9919999837875366,
        0.9891428351402283,
        0.9902856945991516,
        0.9874285459518433,
        0.9902856945991516,
        0.9908571243286133,
        0.9902856945991516,
        0.99314284324646,
        0.9879999756813049,
        0.991428554058075,
        0.9902856945991516,
        0.991428554058075,
        0.991428554058075,
        0.9902856945991516,
        0.99314284324646,
        0.991428554058075,
        0.9908571243286133,
        0.9902856945991516,
        0.9868571162223816,
        0.984000027179718,
        0.9902856945991516,
        0.9897142648696899,
        0.9897142648696899,
        0.9897142648696899,
        0.9937142729759216,
        0.9954285621643066,
        0.9919999837875366,
        0.99314284324646,
        0.9879999756813049,
        0.9908571243286133,
        0.9897142648696899,
        0.99314284324646,
        0.9897142648696899
    ],
    "val_acc": [
        0.03781512752175331,
        0.03781512752175331,
        0.012605042196810246,
        0.06302521377801895,
        0.07563025504350662,
        0.08403361588716507,
        0.11764705926179886,
        0.07563025504350662,
        0.10504201799631119,
        0.1596638709306717,
        0.26050421595573425,
        0.2689075767993927,
        0.462184876203537,
        0.6974790096282959,
        0.7731092572212219,
        0.7857142686843872,
        0.9495798349380493,
        0.8361344337463379,
        0.9579831957817078,
        0.9789915680885315,
        0.9537814855575562,
        0.9747899174690247,
        0.9537814855575562,
        0.9117646813392639,
        0.9579831957817078,
        0.9621848464012146,
        0.9747899174690247,
        0.9831932783126831,
        0.9873949289321899,
        0.9915966391563416,
        0.9915966391563416,
        0.9873949289321899,
        0.9915966391563416,
        0.9621848464012146,
        0.9831932783126831,
        0.9873949289321899,
        0.9789915680885315,
        0.9873949289321899,
        0.9915966391563416,
        0.9915966391563416,
        0.9915966391563416,
        0.9789915680885315,
        0.9747899174690247,
        0.9957982897758484,
        0.9957982897758484,
        0.9957982897758484,
        0.9915966391563416,
        0.9915966391563416,
        0.9957982897758484,
        0.9957982897758484,
        0.9957982897758484,
        0.9957982897758484,
        0.9957982897758484,
        0.9957982897758484,
        0.9957982897758484,
        0.9915966391563416,
        0.9873949289321899,
        0.9915966391563416,
        0.9957982897758484,
        0.9957982897758484,
        0.9915966391563416,
        0.9915966391563416,
        0.9957982897758484,
        0.9915966391563416,
        0.9957982897758484,
        0.9957982897758484,
        0.9957982897758484,
        0.9957982897758484,
        0.9957982897758484,
        0.9915966391563416,
        0.9957982897758484,
        0.9957982897758484,
        0.9957982897758484,
        0.9957982897758484,
        0.9957982897758484,
        0.9957982897758484,
        0.9957982897758484,
        0.9957982897758484,
        0.9957982897758484,
        0.9957982897758484,
        0.9957982897758484,
        0.9957982897758484,
        0.9957982897758484
    ],
    "loss": [
        2.6601810455322266,
        1.915625810623169,
        1.4355674982070923,
        1.1411609649658203,
        0.9327170848846436,
        0.7931708097457886,
        0.6531237363815308,
        0.472379207611084,
        0.41004592180252075,
        0.37755900621414185,
        0.353062242269516,
        0.2976853847503662,
        0.3013274669647217,
        0.2671753168106079,
        0.2596583366394043,
        0.2462991625070572,
        0.22659793496131897,
        0.19949886202812195,
        0.21810804307460785,
        0.18848483264446259,
        0.17255263030529022,
        0.1628497987985611,
        0.15042223036289215,
        0.15902210772037506,
        0.13007967174053192,
        0.15785233676433563,
        0.135996475815773,
        0.10089859366416931,
        0.10169541090726852,
        0.08664911985397339,
        0.08654452860355377,
        0.09342372417449951,
        0.09365952759981155,
        0.07215238362550735,
        0.0700669065117836,
        0.07738500833511353,
        0.07625940442085266,
        0.06598927825689316,
        0.06274716556072235,
        0.060689426958560944,
        0.04809093475341797,
        0.05997948348522186,
        0.05852527171373367,
        0.0549442283809185,
        0.048125021159648895,
        0.04583375155925751,
        0.05820596590638161,
        0.04710101708769798,
        0.04680585488677025,
        0.043588634580373764,
        0.04500124603509903,
        0.041536591947078705,
        0.03987005352973938,
        0.04053197801113129,
        0.04091693460941315,
        0.04212163761258125,
        0.03945424407720566,
        0.03719409927725792,
        0.038318127393722534,
        0.039853040128946304,
        0.04069381579756737,
        0.04333643987774849,
        0.045802921056747437,
        0.038023244589567184,
        0.03121921233832836,
        0.03377869352698326,
        0.03474392741918564,
        0.042585887014865875,
        0.043747060000896454,
        0.04390137642621994,
        0.03793145343661308,
        0.04032671079039574,
        0.04333186149597168,
        0.03958327695727348,
        0.03410426154732704,
        0.035296350717544556,
        0.03598970174789429,
        0.03229249268770218,
        0.039698779582977295,
        0.03466356173157692,
        0.038523972034454346,
        0.034436896443367004,
        0.03899329900741577
    ],